record_id,anchor_id,source_text_version,needs_review,term,chapter,index,level,print_edition,print_page,brief,subject,attribution,target,mode,outcome,interpretation,context
"rec_0001","%E5%8F%8D%E6%8A%97:3:1654","jia-pdf-v1","false","反抗","3","1654","supporting","出版社：人民文学出版社；版次：1953年6月北京第一版；1981年9月北京第三版，印次：2026年6月第43次印刷","12","觉慧眼里琴的形象","","","","","","","…一切，可是它连一点吼声也没有。房里的女性的声音也不时送进他的耳里，又使他看见了另一张少女的面庞。这也是一张美丽的面庞。可是它的表情就不同了：反抗的、热烈的、而且是刚毅的、对一切都不能忍受似的。这两张脸代表着两种生活，指示了两种命运。他把它们比较了一番，不知道为什么他总觉得他更同情前一…"
"rec_0002","%E5%8F%8D%E6%8A%97:3:1908","jia-pdf-v1","false","反抗","3","1908","core","出版社：人民文学出版社；版次：1953年6月北京第一版；1981年9月北京第三版，印次：2026年6月第43次印刷","13","","觉慧","narrated_inner","命运（鸣凤的命运）","consciousness","尚无结果（只是想想/一种感受）","这里因为想到琴和鸣凤的不同，觉慧生出了一种想要改变和反抗鸣凤作为婢女的命运的想法","…的命运在她出世的时候就已经安排好了。许多跟她同类的少女都有了这同样的命运，她一个人当然不能是例外。想到这里，他对于命运的安排感到了不平。他想反抗它，改变它。忽然他的脑子里浮现了一个奇怪的思想。但是过了一些时候他又哑然失笑了。“不会有的，这样的事情做不到，”他自语道。“假使真有了这样的…"
"rec_0003","%E5%8F%8D%E6%8A%97:3:2239","jia-pdf-v1","false","反抗","3","2239","supporting","出版社：人民文学出版社；版次：1953年6月北京第一版；1981年9月北京第三版，印次：2026年6月第43次印刷","13","觉慧眼里琴的形象","","","","","","","…笑起来，他在笑他自己，他说：“怎么会有这样的痴想！……这简直说不上爱，不过是好玩罢了。”于是那个带着顺受表情的少女的面庞便渐渐地消去，另一个反抗的、热烈的少女的脸又在他的眼前现出来。但是这面庞不久也消去了。“匈奴未灭，何以家为？”这一句陈腐的话，虽然平时他并不喜欢，但这时候他却觉得它…"
"rec_0007","%E5%8F%8D%E6%8A%97:6:826","jia-pdf-v1","false","反抗","6","826","peripheral","出版社：人民文学出版社；版次：1953年6月北京第一版；1981年9月北京第三版，印次：2026年6月第43次印刷","","陈述觉新不反抗","","","","","","","…”这些话来得太突然了。他把它们都听懂了，却又好像不懂似的。他不作声，只是点着头。他不敢看父亲的眼睛，虽然父亲的眼光依旧是很温和的。他不说一句反抗的话，而且也没有反抗的思想。他只是点头，表示愿意顺从父亲的话。可是后来他回到自己的房里，关上门倒在床上用铺盖蒙着头哭，为了他的破灭了的幻梦而…"
"rec_0004","%E5%8F%8D%E6%8A%97:6:836","jia-pdf-v1","false","反抗","6","836","peripheral","出版社：人民文学出版社；版次：1953年6月北京第一版；1981年9月北京第三版，印次：2026年6月第43次印刷","","同上条，陈述觉新没有反抗思想","","","","","","","…。他把它们都听懂了，却又好像不懂似的。他不作声，只是点着头。他不敢看父亲的眼睛，虽然父亲的眼光依旧是很温和的。他不说一句反抗的话，而且也没有反抗的思想。他只是点头，表示愿意顺从父亲的话。可是后来他回到自己的房里，关上门倒在床上用铺盖蒙着头哭，为了他的破灭了的幻梦而哭。关于李家的亲事，…"
"rec_0005","%E5%8F%8D%E6%8A%97:6:1434","jia-pdf-v1","false","反抗","6","1434","peripheral","出版社：人民文学出版社；版次：1953年6月北京第一版；1981年9月北京第三版，印次：2026年6月第43次印刷","","面对包办婚姻觉新不反抗的做法","","","","","","","…是他所中意的那个“她”。对于他，这实在是一个大的打击。他的前程断送了。他的美妙的幻梦破灭了。他绝望地痛哭，他关上门，他用铺盖蒙住头痛哭。他不反抗，也想不到反抗。他忍受了。他顺从了父亲的意志，没有怨言。可是在心里他却为着自己痛哭，为着他所爱的少女痛哭。到了订婚的日子他被人玩弄着，像一个…"
"rec_0006","%E5%8F%8D%E6%8A%97:6:1441","jia-pdf-v1","false","反抗","6","1441","peripheral","出版社：人民文学出版社；版次：1953年6月北京第一版；1981年9月北京第三版，印次：2026年6月第43次印刷","","同上条，面对包办婚姻觉新想不到反抗","","","","","","","…个“她”。对于他，这实在是一个大的打击。他的前程断送了。他的美妙的幻梦破灭了。他绝望地痛哭，他关上门，他用铺盖蒙住头痛哭。他不反抗，也想不到反抗。他忍受了。他顺从了父亲的意志，没有怨言。可是在心里他却为着自己痛哭，为着他所爱的少女痛哭。到了订婚的日子他被人玩弄着，像一个傀儡；又被人珍…"
"rec_0008","%E5%8F%8D%E6%8A%97:7:4209","jia-pdf-v1","false","反抗","7","4209","core","出版社：人民文学出版社；版次：1953年6月北京第一版；1981年9月北京第三版，印次：2026年6月第43次印刷","46","","觉慧","self","大哥的命运（被高老太爷安排的婚姻）/长辈择定的婚事及其背后的家长权威","speech","无，因为只是评论别人（高觉新）的行为","高觉慧具有普遍的反抗精神，（支持自由恋爱——不确定这样定性好不好，这句可以删掉）不认同拈阄决定的亲事（包办婚姻）","…来是错怪了他们。”“是啊，当初哪个不希望大哥同梅表姐结婚？我们当初听见大哥订婚的消息，心里总觉得不舒服，我们很替梅表姐抱不平，还怪大哥不起来反抗，糊里糊涂就答应了。后来梅表姐不到我们家里来了，不久她便离开了省城。后来大哥接了嫂嫂，我们都同情梅表姐，暗中抱怨大哥。说起来真好笑，我们似乎…"
"rec_0009","%E5%8F%8D%E6%8A%97:9:3132","jia-pdf-v1","false","反抗","9","3132","core","出版社：人民文学出版社；版次：1953年6月北京第一版；1981年9月北京第三版，印次：2026年6月第43次印刷","61","","觉慧","narrated_inner","高老太爷所代表的家长权威及其对觉慧参与学生运动的压制（文本称“一切”）","consciousness","尚未付诸行动；思绪被陈姨太进入打断","直接诱因是祖父的训斥，但“一切”将这一具体冲突扩大为觉慧对高家权威秩序及其所承受的多重压力的笼统反抗","…东西，会使他们在一处谈话不像祖父和孙儿，而像两个敌人。他觉得心里很不舒服。似乎有许多东西沉重地压在他的年轻的肩上。他抖动着身子，想对一切表示反抗。然而陈姨太进来了。那张颧骨高、嘴唇薄、眉毛漆黑的粉脸在他的眼前晃了一下。她带进来一股刺鼻的香风。接着他的大哥也进来了。他们弟兄交换了一瞥不…"
"rec_0010","%E5%8F%8D%E6%8A%97:11:4516","jia-pdf-v1","false","反抗","11","4516","core","出版社：人民文学出版社；版次：1953年6月北京第一版；1981年9月北京第三版，印次：2026年6月第43次印刷","85","","觉慧","written","家里的压迫","written","局部成功，因为他在写完日记的第二天“果然出去了”","觉慧主动指出家的压迫和自己之间的矛盾，表达反抗的渴望","…岛》温习了二十几页。我又感到寂寞、烦躁。我丢开书，在房里大步踱着。我想到外面的一切。这种生活我不能过下去了。我觉得在家里到处都是压迫，我应该反抗到底。“在午饭桌上听见继母对大哥谈起四婶、五婶、陈姨太她们的战略，他们很正经地谈着，我不觉失笑了。饭后天还没有黑尽，我到大哥房里和他谈到孝的…"
"147d0510-ed70-4fb1-b33d-452780ec0b0f","%E5%8F%8D%E6%8A%97:12:2567","jia-pdf-v1","false","反抗","12","2567","core","出版社：人民文学出版社；版次：1953年6月北京第一版；1981年9月北京第三版，印次：2026年6月第43次印刷","90","","觉慧","self","旧家庭","speech","引起觉慧进一步的“控诉”","觉慧尖锐地指出其他家庭成员对旧家庭和它的规矩的妥协不反抗","…我们？”觉民阖了书温和地问：“我们跟你一样，都在这个大家庭里面讨生活。”“就是因为这个缘故！”觉慧依旧愤恨地说。“你们总是忍受，你们一点也不反抗。你们究竟要忍受多久？你们口里说反对旧家庭，实际上你们却拥护旧家庭。你们的思想是新的，你们的行为却是旧的。你们没有胆量！……你们是矛盾的，你…"
"63bf663a-d162-4d43-882b-465ea863f564","%E5%8F%8D%E6%8A%97:12:3405","jia-pdf-v1","false","反抗","12","3405","peripheral","出版社：人民文学出版社；版次：1953年6月北京第一版；1981年9月北京第三版，印次：2026年6月第43次印刷","","觉新陈述自己不反抗的原因和苦衷","","","","","","","…我的不同，”觉新推开算盘，叹口气，望着觉慧说；“你说得对，我的确怕听见人提起幸福，正因为我已经没有得到幸福的希望了。我一生就这样完结了。我不反抗，因为我不愿意反抗，我自己愿意做一个牺牲者。……我跟你们一样也做过美妙的梦，可是都被人打破了。我的希望没有一个实现过。我的幸福早就给人剥夺了…"
"3f5872c5-b90e-4916-8981-15af0c83cd80","%E5%8F%8D%E6%8A%97:12:3414","jia-pdf-v1","false","反抗","12","3414","peripheral","出版社：人民文学出版社；版次：1953年6月北京第一版；1981年9月北京第三版，印次：2026年6月第43次印刷","","同上，觉新陈述自己不反抗的原因和苦衷","","","","","","","…开算盘，叹口气，望着觉慧说；“你说得对，我的确怕听见人提起幸福，正因为我已经没有得到幸福的希望了。我一生就这样完结了。我不反抗，因为我不愿意反抗，我自己愿意做一个牺牲者。……我跟你们一样也做过美妙的梦，可是都被人打破了。我的希望没有一个实现过。我的幸福早就给人剥夺了。我并不怪别人。我…"
"67c333d4-da17-4389-a65c-a5b4b6936782","%E5%8F%8D%E6%8A%97:14:4237","jia-pdf-v1","false","反抗","14","4237","supporting","出版社：人民文学出版社；版次：1953年6月北京第一版；1981年9月北京第三版，印次：2026年6月第43次印刷","110","觉慧内心对觉新不反抗包办婚姻的不解和责备","觉慧","inner","","","","","…去了它那种麻醉的效力，痛悔便跟着来了，我觉得自己不应该懦弱到这步田地，我恨我自己！”觉慧起初想责备觉新：“这都是你自己找来的。你当初为什么不反抗，不把你自己的意见说出来？现在是咎有应得！”但是看见觉新的比流泪更可悲的痛苦的表情，他觉得现在没有理由责备觉新了。他半怜悯半安慰地劝道：“这…"
"84167621-fb48-4222-b088-1d6e7afdfb90","%E5%8F%8D%E6%8A%97:25:7231","jia-pdf-v1","false","反抗","25","7231","peripheral","出版社：人民文学出版社；版次：1953年6月北京第一版；1981年9月北京第三版，印次：2026年6月第43次印刷","","许倩如在国文课上写给琴的字条，犀利和尖锐地质问琴会如何面对母亲和（母亲安排的）婚姻之间的矛盾
p208","","","","","","","…母亲牺牲更踏实一点。”“华，这是你的由衷之言吗？我试问如果你母亲要把你嫁给一个目不识丁的俗商，或者一个中年官僚，或者一个纨袴子弟，你难道也不反抗？你能够这样地为她牺牲吗？快答复我这个问题。不要逃避！”依旧是狂草的字迹。“倩，不要问我这一个问题，不要问我这一个问题，我请求你。”纸上有了…"
"4940c64b-7b22-480a-87ff-dace318b1d5f","%E5%8F%8D%E6%8A%97:30:7204","jia-pdf-v1","false","反抗","30","7204","core","出版社：人民文学出版社；版次：1953年6月北京第一版；1981年9月北京第三版，印次：2026年6月第43次印刷","274","","觉慧、觉民","narrated_inner","","","","","…己的路，”觉民不等哥哥把话说完就打岔地说。他马上回到自己的房里去了。虽然是夜深，他还不肯睡。他跟觉慧商量了许久，两弟兄同意了下面的一个办法：反抗，反抗失败便逃走，总之决不屈服。觉慧极力鼓舞觉民，一则因为他同情觉民，二则他要觉民在这个家里开一个例子，给他和他们的兄弟们开辟一条新路。于是…"
"bd43ccc1-de5c-42ca-bcb1-7d7dfce891bb","%E5%8F%8D%E6%8A%97:30:7207","jia-pdf-v1","false","反抗","30","7207","core","出版社：人民文学出版社；版次：1953年6月北京第一版；1981年9月北京第三版，印次：2026年6月第43次印刷","","","","","","","","","…，”觉民不等哥哥把话说完就打岔地说。他马上回到自己的房里去了。虽然是夜深，他还不肯睡。他跟觉慧商量了许久，两弟兄同意了下面的一个办法：反抗，反抗失败便逃走，总之决不屈服。觉慧极力鼓舞觉民，一则因为他同情觉民，二则他要觉民在这个家里开一个例子，给他和他们的兄弟们开辟一条新路。于是觉民兴…"
"b35ca319-42ee-4dc5-be3a-79164d590290","%E5%8F%8D%E6%8A%97:31:2140","jia-pdf-v1","false","反抗","31","2140","peripheral","出版社：人民文学出版社；版次：1953年6月北京第一版；1981年9月北京第三版，印次：2026年6月第43次印刷","","觉民反抗包办婚姻、实行逃婚p281","","","","","","","…采取放任的态度，但是也关心他们的前途。现在情形严重，她不愿意看见不幸的结局，她更不愿意承担恶名。她不满意觉慧的目无尊长的态度，更不满意觉民的反抗家长、实行逃婚的手段，然而她始终想不出解决问题的办法。觉新处在这种困难的情形里，真不知道应该怎样做才好。他本来想承认觉民的举动是正当的，然而…"
"f7fc4085-ce43-42aa-b491-0cb9ae6f21df","%E5%8F%8D%E6%8A%97:31:3371","jia-pdf-v1","false","反抗","31","3371","peripheral","出版社：人民文学出版社；版次：1953年6月北京第一版；1981年9月北京第三版，印次：2026年6月第43次印刷","","觉新就包办婚姻表态","","","","","","","…是这样年轻，今年才十六岁啊！”“今年十六，明年就是十七岁，也很可以出嫁了。你嫂嫂过门来，也只有十八岁啊！而且年纪轻，早早出嫁，将来倒可以免掉反抗的一着！”“然而不征求她的同意，趁她年轻时候就糊里糊涂地把她的命运决定了，将来会使她抱憾终身的。他们就不想到这一点吗？这是多卑鄙的行为！”觉…"
"df85465c-a61c-4dc9-b293-64ed03a09493","%E5%8F%8D%E6%8A%97:36:2708","jia-pdf-v1","false","反抗","36","2708","core","出版社：人民文学出版社；版次：1953年6月北京第一版；1981年9月北京第三版，印次：2026年6月第43次印刷","331","","觉慧","self","以为了避免“血光之灾”而把瑞珏送到城外去的“鬼话”（封建迷信）和长辈权威","speech","未成功说服觉新","觉慧自己对于封建迷信的不屑和对长辈权威的反抗精神（不确定是不是要加上“精神”这个词……或者改成“倾向”更贴切一些？）","…地说，“你难道相信那些鬼话？”“我相信那些鬼话？”觉新烦躁地说，“我不相信又有什么用处？他们都是那样主张！”他绝望地扭自己的手。“我说你应该反抗，”觉慧愤怒地说。他并不看觉新，却望着窗外的景物。“大哥，三弟的话很对，”觉民接着说，“我劝你不要就把嫂嫂搬出去，你先去向他们详细解说一番，…"
"24d2b4c9-26ba-49a6-98b8-903e99497ebf","%E5%8F%8D%E6%8A%97:36:3070","jia-pdf-v1","false","反抗","36","3070","supporting","出版社：人民文学出版社；版次：1953年6月北京第一版；1981年9月北京第三版，印次：2026年6月第43次印刷","331","觉慧举觉民的例子试图劝说觉民反抗把瑞珏送出城的决定","","","","","","","…望嫂嫂好！”觉慧想起了袁成的话，气愤不堪地说。“譬如二哥，他几乎因为你的屈服就做了牺牲品，断送他自己，同时还断送另一个人。还是亏得他自己起来反抗，才有今天的胜利。”觉民听见说到他的事情，不觉现出了得意的微笑，他觉得果然如觉慧所说，是他自己把幸福争回来的。“三弟，你不要讲了，这不是你大…"
"e3b6f88c-1e9c-4dc6-9258-e55de4d9c9fb","%E5%8F%8D%E6%8A%97:36:3266","jia-pdf-v1","false","反抗","36","3266","supporting","出版社：人民文学出版社；版次：1953年6月北京第一版；1981年9月北京第三版，印次：2026年6月第43次印刷","332","觉新哭诉自己作为长子无权反抗","","","","","","","…，”觉慧挣红脸大声说。他马上向着觉新恳切地劝道：“大哥，你要奋斗啊！”“奋斗，胜利，”觉新忍住心痛，嘲笑自己似地说。“不错，你们胜利了。你们反抗一切，你们轻视一切，你们胜利了。就因为你们胜利了，我才失败了。他们把他们对你们的怨恨全集中在我一个人身上，你们得罪了他们，他们只向我一个人报…"
"33a8b55b-cd4a-4710-b27a-53e38c52b313","%E5%8F%8D%E6%8A%97:36:3372","jia-pdf-v1","false","反抗","36","3372","supporting","出版社：人民文学出版社；版次：1953年6月北京第一版；1981年9月北京第三版，印次：2026年6月第43次印刷","332","觉新哭诉自己作为长子无权反抗","","","","","","","…他们对你们的怨恨全集中在我一个人身上，你们得罪了他们，他们只向我一个人报仇。他们恨我，挖苦我，背地骂我，又喊我做‘承重老爷’。……你们可以说反抗，可以脱离家庭，可以跑到外面去。……我呢，你想我能够做什么？我能够一个人逃走吗？……许多事情你们都不晓得。为二弟的亲事，我不知道受了多少气！…"
"c78f3bc3-670f-4c6e-a91f-12c42161eb9e","%E5%8F%8D%E6%8A%97:36:3505","jia-pdf-v1","false","反抗","36","3505","supporting","出版社：人民文学出版社；版次：1953年6月北京第一版；1981年9月北京第三版，印次：2026年6月第43次印刷","332","觉新哭诉自己作为长子无权反抗","","","","","","","…不知道受了多少气！还有三弟，你在外面办刊物，跟那般新朋友往来，我为你也受过好多气！我都忍在心头。我的苦只有我一个人晓得。你们都可以向我说什么反抗，说什么奋斗。我又向哪个去说这些漂亮话？”觉新说到这里，实在忍不住，他忍了这许久的眼泪终于淌出来了。他不愿意别人看见他哭，更不愿意引起别人哭…"

